{
    "loss": 0.38304832577705383,
    "accuracy": 0.9051724076271057
}