{
    "loss": 0.30444177985191345,
    "accuracy": 0.9741379022598267
}